{"stats":{"minecraft:used":{"minecraft:crafting_table":1,"minecraft:wooden_pickaxe":7},"minecraft:mined":{"minecraft:grass_block":1,"minecraft:oak_log":7,"minecraft:coal_ore":2,"minecraft:stone":5,"minecraft:oak_leaves":10},"minecraft:crafted":{"minecraft:oak_planks":28,"minecraft:crafting_table":1,"minecraft:stick":4,"minecraft:wooden_pickaxe":1},"minecraft:custom":{"minecraft:time_since_rest":6546,"minecraft:play_time":6546,"minecraft:sprint_one_cm":4272,"minecraft:damage_taken":30,"minecraft:walk_one_cm":9834,"minecraft:sneak_time":2,"minecraft:jump":62,"minecraft:time_since_death":6546,"minecraft:total_world_time":6546,"minecraft:fall_one_cm":2438,"minecraft:interact_with_crafting_table":1,"minecraft:fly_one_cm":6091},"minecraft:picked_up":{"minecraft:oak_log":7,"minecraft:coal":2,"minecraft:dirt":1,"minecraft:cobblestone":5}},"DataVersion":3465}